prop,value
dst,100.0
icao,100.0
type,100.0
name,100.0
longitude,100.0
altitude,100.0
location,100.0
country,100.0
timezone,100.0
tz_database_timezone,100.0
latitude,100.0
source,100.0
city,99.36347103143673
distCity,80.99506365289686
iata,78.87763055339049
runwaysLength,73.2138217718888
runways,73.2138217718888
runwaysWidth,73.2138217718888
commercial_flights,9.66484801247077